session_id,outcome,color
12129673,1,T
12129674,9,CT
12129675,14,CT
12129676,11,CT
12129677,5,T
12129678,1,T
12129679,12,CT
12129680,4,T
12129681,4,T
12129682,12,CT
12129683,14,CT
12129684,14,CT
12129685,3,T
12129686,0,Bonus
12129687,8,CT
12129688,14,CT
12129689,0,Bonus
12129690,5,T
12129691,10,CT
12129692,3,T
12129693,12,CT
12129694,7,T
12129695,2,T
12129696,10,CT
12129697,3,T
12129698,12,CT
12129699,10,CT
12129700,12,CT
12129701,7,T
12129702,9,CT
12129703,4,T
12129704,6,T
12129705,7,T
12129706,5,T
12129707,9,CT
12129708,6,T
12129709,4,T
12129710,8,CT
12129711,12,CT
12129712,13,CT
12129713,10,CT
12129714,13,CT
12129715,11,CT
12129716,0,Bonus
12129717,0,Bonus
12129718,7,T
12129719,2,T
12129720,2,T
12129721,11,CT
12129722,13,CT
12129723,3,T
12129724,12,CT
12129725,5,T
12129726,7,T
12129727,12,CT
12129728,7,T
12129729,2,T
12129730,11,CT
12129731,4,T
12129732,7,T
12129733,9,CT
12129734,4,T
12129735,9,CT
12129736,13,CT
12129737,1,T
12129738,9,CT
12129739,14,CT
12129740,2,T
12129741,3,T
12129742,5,T
12129743,11,CT
12129744,13,CT
12129745,4,T
12129746,2,T
12129747,12,CT
12129748,13,CT
12129749,12,CT
12129750,2,T
12129751,5,T
12129752,2,T
12129753,2,T
12129754,12,CT
12129755,13,CT
12129756,5,T
12129757,13,CT
12129758,9,CT
12129759,1,T
12129760,5,T
12129761,13,CT
12129762,12,CT
12129763,11,CT
12129764,11,CT
12129765,10,CT
12129766,9,CT
12129767,3,T
12129768,9,CT
12129769,1,T
12129770,2,T
12129771,14,CT
12129772,14,CT
12129773,12,CT
12129774,0,Bonus
12129775,8,CT
12129776,3,T
12129777,14,CT
12129778,3,T
12129779,14,CT
12129780,2,T
12129781,14,CT
12129782,9,CT
12129783,6,T
12129784,1,T
12129785,1,T
12129786,3,T
12129787,2,T
12129788,3,T
12129789,10,CT
12129790,12,CT
12129791,11,CT
12129792,12,CT
12129793,5,T
12129794,0,Bonus
12129795,7,T
12129796,13,CT
12129797,1,T
12129798,12,CT
12129799,12,CT
12129800,0,Bonus
12129801,10,CT
12129802,8,CT
12129803,0,Bonus
12129804,1,T
12129805,2,T
12129806,4,T
12129807,7,T
12129808,11,CT
12129809,11,CT
12129810,4,T
12129811,11,CT
12129812,4,T
12129813,7,T
12129814,1,T
12129815,10,CT
12129816,8,CT
12129817,6,T
12129818,13,CT
12129819,9,CT
12129820,14,CT
12129821,13,CT
12129822,11,CT
12129823,0,Bonus
12129824,9,CT
12129825,2,T
12129826,8,CT
12129827,4,T
12129828,8,CT
12129829,5,T
12129830,13,CT
12129831,7,T
12129832,5,T
12129833,11,CT
12129834,10,CT
12129835,1,T
12129836,13,CT
12129837,3,T
12129838,12,CT
12129839,10,CT
12129840,10,CT
12129841,2,T
12129842,9,CT
12129843,7,T
12129844,9,CT
12129845,9,CT
12129846,4,T
12129847,4,T
12129848,8,CT
12129849,10,CT
12129850,12,CT
12129851,1,T
12129852,10,CT
12129853,9,CT
12129854,0,Bonus
12129855,4,T
12129856,9,CT
12129857,3,T
12129858,6,T
12129859,3,T
12129860,6,T
12129861,9,CT
12129862,6,T
12129863,4,T
12129864,9,CT
12129865,4,T
12129866,12,CT
12129867,3,T
12129868,10,CT
12129869,7,T
12129870,2,T
12129871,0,Bonus
12129872,5,T
12129873,13,CT
12129874,14,CT
12129875,14,CT
12129876,10,CT
12129877,2,T
12129878,5,T
12129879,6,T
12129880,5,T
12129881,6,T
12129882,1,T
12129883,7,T
12129884,1,T
12129885,3,T
12129886,11,CT
12129887,1,T
12129888,14,CT
12129889,3,T
12129890,9,CT
12129891,5,T
12129892,0,Bonus
12129893,13,CT
12129894,14,CT
12129895,12,CT
12129896,14,CT
12129897,8,CT
12129898,13,CT
12129899,13,CT
12129900,10,CT
12129901,12,CT
12129902,9,CT
12129903,6,T
12129904,1,T
12129905,5,T
12129906,2,T
12129907,6,T
12129908,13,CT
12129909,4,T
12129910,12,CT
12129911,12,CT
12129912,12,CT
12129913,9,CT
12129914,2,T
12129915,9,CT
12129916,1,T
12129917,1,T
12129918,9,CT
12129919,2,T
12129920,14,CT
12129921,5,T
12129922,2,T
12129923,4,T
12129924,10,CT
12129925,10,CT
12129926,8,CT
12129927,4,T
12129928,13,CT
12129929,6,T
12129930,9,CT
12129931,8,CT
12129932,8,CT
12129933,5,T
12129934,9,CT
12129935,3,T
12129936,4,T
12129937,10,CT
12129938,3,T
12129939,9,CT
12129940,13,CT
12129941,8,CT
12129942,13,CT
12129943,6,T
12129944,6,T
12129945,7,T
12129946,2,T
12129947,4,T
12129948,1,T
12129949,3,T
12129950,7,T
12129951,13,CT
12129952,14,CT
12129953,10,CT
12129954,4,T
12129955,7,T
12129956,7,T
12129957,6,T
12129958,0,Bonus
12129959,8,CT
12129960,1,T
12129961,5,T
12129962,3,T
12129963,0,Bonus
12129964,12,CT
12129965,1,T
12129966,7,T
12129967,11,CT
12129968,0,Bonus
12129969,14,CT
12129970,8,CT
12129971,4,T
12129972,7,T
12129973,11,CT
12129974,5,T
12129975,13,CT
12129976,5,T
12129977,2,T
12129978,3,T
12129979,10,CT
12129980,5,T
12129981,10,CT
12129982,7,T
12129983,8,CT
12129984,13,CT
12129985,12,CT
12129986,2,T
12129987,11,CT
12129988,11,CT
12129989,7,T
12129990,4,T
12129991,11,CT
12129992,3,T
12129993,10,CT
12129994,4,T
12129995,7,T
12129996,12,CT
12129997,6,T
12129998,8,CT
12129999,2,T
12130000,8,CT
12130001,0,Bonus
12130002,9,CT
12130003,14,CT
12130004,2,T
12130005,8,CT
12130006,0,Bonus
12130007,3,T
12130008,14,CT
12130009,10,CT
12130010,11,CT
12130011,5,T
12130012,8,CT
12130013,6,T
12130014,0,Bonus
12130015,12,CT
12130016,9,CT
12130017,10,CT
12130018,13,CT
12130019,12,CT
12130020,1,T
12130021,12,CT
12130022,2,T
12130023,11,CT
12130024,3,T
12130025,6,T
12130026,6,T
12130027,6,T
12130028,2,T
12130029,3,T
12130030,1,T
12130031,7,T
12130032,3,T
12130033,0,Bonus
12130034,10,CT
12130035,11,CT
12130036,4,T
12130037,0,Bonus
12130038,14,CT
12130039,6,T
12130040,13,CT
12130041,0,Bonus
12130042,2,T
12130043,8,CT
12130044,10,CT
12130045,4,T
12130046,13,CT
12130047,3,T
12130048,0,Bonus
12130049,11,CT
12130050,13,CT
12130051,3,T
12130052,1,T
12130053,8,CT
12130054,6,T
12130055,9,CT
12130056,5,T
12130057,12,CT
12130058,9,CT
12130059,14,CT
12130060,1,T
12130061,5,T
12130062,10,CT
12130063,11,CT
12130064,7,T
12130065,10,CT
12130066,10,CT
12130067,10,CT
12130068,13,CT
12130069,1,T
12130070,6,T
12130071,10,CT
12130072,6,T
12130073,6,T
12130074,4,T
12130075,1,T
12130076,10,CT
12130077,9,CT
12130078,6,T
12130079,10,CT
12130080,4,T
12130081,0,Bonus
12130082,13,CT
12130083,12,CT
12130084,11,CT
12130085,13,CT
12130086,14,CT
12130087,5,T
12130088,4,T
12130089,14,CT
12130090,12,CT
12130091,6,T
12130092,8,CT
12130093,14,CT
12130094,3,T
12130095,8,CT
12130096,4,T
12130097,7,T
12130098,3,T
12130099,10,CT
12130100,4,T
12130101,0,Bonus
12130102,12,CT
12130103,11,CT
12130104,11,CT
12130105,12,CT
12130106,2,T
12130107,8,CT
12130108,9,CT
12130109,6,T
12130110,14,CT
12130111,7,T
12130112,1,T
12130113,12,CT
12130114,13,CT
12130115,5,T
12130116,7,T
12130117,2,T
12130118,10,CT
12130119,6,T
12130120,2,T
12130121,5,T
12130122,5,T
12130123,3,T
12130124,13,CT
12130125,9,CT
12130126,9,CT
12130127,2,T
12130128,9,CT
12130129,1,T
12130130,1,T
12130131,6,T
12130132,0,Bonus
12130133,14,CT
12130134,2,T
12130135,0,Bonus
12130136,8,CT
12130137,4,T
12130138,14,CT
12130139,8,CT
12130140,3,T
12130141,11,CT
12130142,8,CT
12130143,10,CT
12130144,3,T
12130145,2,T
12130146,2,T
12130147,10,CT
12130148,0,Bonus
12130149,12,CT
12130150,7,T
12130151,3,T
12130152,1,T
12130153,12,CT
12130154,2,T
12130155,13,CT
12130156,8,CT
12130157,12,CT
12130158,9,CT
12130159,13,CT
12130160,8,CT
12130161,8,CT
12130162,10,CT
12130163,3,T
12130164,9,CT
12130165,7,T
12130166,1,T
12130167,4,T
12130168,10,CT
12130169,8,CT
12130170,6,T
12130171,14,CT
12130172,4,T
12130173,13,CT
12130174,14,CT
12130175,10,CT
12130176,13,CT
12130177,5,T
12130178,11,CT
12130179,3,T
12130180,7,T
12130181,5,T
12130182,0,Bonus
12130183,13,CT
12130184,13,CT
12130185,11,CT
12130186,1,T
12130187,13,CT
12130188,0,Bonus
12130189,5,T
12130190,1,T
12130191,11,CT
12130192,8,CT
12130193,0,Bonus
12130194,1,T
12130195,1,T
12130196,14,CT
12130197,0,Bonus
12130198,11,CT
12130199,11,CT
12130200,14,CT
12130201,0,Bonus
12130202,1,T
12130203,8,CT
12130204,7,T
12130205,4,T
12130206,4,T
12130207,14,CT
12130208,0,Bonus
12130209,12,CT
12130210,9,CT
12130211,4,T
12130212,7,T
12130213,3,T
12130214,10,CT
12130215,10,CT
12130216,9,CT
12130217,3,T
12130218,11,CT
12130219,8,CT
12130220,8,CT
12130221,2,T
12130222,7,T
12130223,13,CT
12130224,6,T
12130225,7,T
12130226,1,T
12130227,10,CT
12130228,9,CT
12130229,6,T
12130230,1,T
12130231,6,T
12130232,11,CT
12130233,14,CT
12130234,10,CT
12130235,3,T
12130236,5,T
12130237,4,T
12130238,8,CT
12130239,1,T
12130240,11,CT
12130241,12,CT
12130242,3,T
12130243,12,CT
12130244,14,CT
12130245,2,T
12130246,1,T
12130247,0,Bonus
12130248,9,CT
12130249,3,T
12130250,11,CT
12130251,14,CT
12130252,11,CT
12130253,2,T
12130254,8,CT
12130255,3,T
12130256,5,T
12130257,14,CT
12130258,13,CT
12130259,12,CT
12130260,5,T
12130261,5,T
12130262,3,T
12130263,0,Bonus
12130264,10,CT
12130265,13,CT
12130266,10,CT
12130267,2,T
12130268,11,CT
12130269,4,T
12130270,14,CT
12130271,5,T
12130272,3,T
12130273,2,T
12130274,4,T
12130275,2,T
12130276,6,T
12130277,8,CT
12130278,3,T
12130279,9,CT
12130280,2,T
12130281,7,T
12130282,6,T
12130283,3,T
12130284,12,CT
12130285,0,Bonus
12130286,7,T
12130287,1,T
12130288,11,CT
12130289,14,CT
12130290,5,T
12130291,1,T
12130292,9,CT
12130293,5,T
12130294,1,T
12130295,6,T
12130296,14,CT
12130297,9,CT
12130298,6,T
12130299,9,CT
12130300,0,Bonus
12130301,0,Bonus
12130302,2,T
12130303,3,T
12130304,3,T
12130305,4,T
12130306,4,T
12130307,7,T
12130308,5,T
12130309,10,CT
12130310,10,CT
12130311,0,Bonus
12130312,6,T
12130313,7,T
12130314,11,CT
12130315,9,CT
12130316,0,Bonus
12130317,7,T
12130318,7,T
12130319,11,CT
12130320,12,CT
12130321,11,CT
12130322,8,CT
12130323,5,T
12130324,13,CT
12130325,12,CT
12130326,13,CT
12130327,2,T
12130328,3,T
12130329,14,CT
12130330,4,T
12130331,14,CT
12130332,0,Bonus
12130333,4,T
12130334,1,T
12130335,4,T
12130336,5,T
12130337,7,T
12130338,4,T
12130339,13,CT
12130340,2,T
12130341,13,CT
12130342,2,T
12130343,12,CT
12130344,6,T
12130345,2,T
12130346,8,CT
12130347,9,CT
12130348,5,T
12130349,4,T
12130350,7,T
12130351,2,T
12130352,12,CT
12130353,12,CT
12130354,6,T
12130355,2,T
12130356,5,T
12130357,9,CT
12130358,11,CT
12130359,11,CT
12130360,8,CT
12130361,1,T
12130362,8,CT
12130363,6,T
12130364,14,CT
12130365,4,T
12130366,13,CT
12130367,1,T
12130368,0,Bonus
12130369,4,T
12130370,12,CT
12130371,11,CT
12130372,4,T
12130373,7,T
12130374,8,CT
12130375,14,CT
12130376,2,T
12130377,8,CT
12130378,13,CT
12130379,1,T
12130380,0,Bonus
12130381,6,T
12130382,0,Bonus
12130383,4,T
12130384,9,CT
12130385,4,T
12130386,0,Bonus
12130387,7,T
12130388,6,T
12130389,8,CT
12130390,0,Bonus
12130391,12,CT
12130392,1,T
12130393,3,T
12130394,11,CT
12130395,14,CT
12130396,1,T
12130397,5,T
12130398,9,CT
12130399,14,CT
12130400,1,T
12130401,8,CT
12130402,7,T
12130403,13,CT
12130404,4,T
12130405,0,Bonus
12130406,6,T
12130407,2,T
12130408,14,CT
12130409,13,CT
12130410,13,CT
12130411,4,T
12130412,0,Bonus
12130413,2,T
12130414,12,CT
12130415,9,CT
12130416,12,CT
12130417,6,T
12130418,8,CT
12130419,3,T
12130420,10,CT
12130421,0,Bonus
12130422,13,CT
12130423,0,Bonus
12130424,14,CT
12130425,1,T
12130426,10,CT
12130427,0,Bonus
12130428,1,T
12130429,9,CT
12130430,9,CT
12130431,1,T
12130432,5,T
12130433,13,CT
12130434,0,Bonus
12130435,13,CT
12130436,2,T
12130437,3,T
12130438,6,T
12130439,13,CT
12130440,5,T
12130441,4,T
12130442,2,T
12130443,13,CT
12130444,3,T
12130445,0,Bonus
12130446,3,T
12130447,2,T
12130448,12,CT
12130449,10,CT
12130450,9,CT
12130451,3,T
12130452,10,CT
12130453,14,CT
12130454,7,T
12130455,5,T
12130456,11,CT
12130457,5,T
12130458,0,Bonus
12130459,10,CT
12130460,5,T
12130461,3,T
12130462,9,CT
12130463,3,T
12130464,13,CT
12130465,5,T
12130466,8,CT
12130467,6,T
12130468,7,T
12130469,13,CT
12130470,1,T
12130471,9,CT
12130472,1,T
12130473,4,T
12130474,12,CT
12130475,12,CT
12130476,10,CT
12130477,7,T
12130478,7,T
12130479,8,CT
12130480,11,CT
12130481,6,T
12130482,4,T
12130483,2,T
12130484,5,T
12130485,5,T
12130486,13,CT
12130487,1,T
12130488,9,CT
12130489,12,CT
12130490,13,CT
12130491,9,CT
12130492,9,CT
12130493,6,T
12130494,3,T
12130495,10,CT
12130496,6,T
12130497,6,T
12130498,9,CT
12130499,5,T
12130500,6,T
12130501,4,T
12130502,5,T
12130503,10,CT
12130504,13,CT
12130505,5,T
12130506,12,CT
12130507,5,T
12130508,13,CT
12130509,2,T
12130510,10,CT
12130511,10,CT
12130512,6,T
12130513,8,CT
12130514,5,T
12130515,9,CT
12130516,4,T
12130517,11,CT
12130518,1,T
12130519,2,T
12130520,5,T
12130521,10,CT
12130522,10,CT
12130523,12,CT
12130524,14,CT
12130525,14,CT
12130526,0,Bonus
12130527,2,T
12130528,13,CT
12130529,13,CT
12130530,5,T
12130531,0,Bonus
12130532,2,T
12130533,12,CT
12130534,4,T
12130535,0,Bonus
12130536,6,T
12130537,13,CT
12130538,1,T
12130539,11,CT
12130540,5,T
12130541,6,T
12130542,11,CT
12130543,0,Bonus
12130544,7,T
12130545,1,T
12130546,7,T
12130547,12,CT
12130548,13,CT
12130549,2,T
12130550,9,CT
12130551,9,CT
12130552,5,T
12130553,0,Bonus
12130554,8,CT
12130555,2,T
12130556,7,T
12130557,6,T
12130558,7,T
12130559,10,CT
12130560,9,CT
12130561,1,T
12130562,6,T
12130563,3,T
12130564,3,T
12130565,8,CT
12130566,5,T
12130567,1,T
12130568,10,CT
12130569,9,CT
12130570,11,CT
12130571,8,CT
12130572,4,T
12130573,8,CT
12130574,2,T
12130575,3,T
12130576,10,CT
12130577,7,T
12130578,8,CT
12130579,14,CT
12130580,3,T
12130581,8,CT
12130582,2,T
12130583,13,CT
12130584,6,T
12130585,0,Bonus
12130586,7,T
12130587,3,T
12130588,14,CT
12130589,11,CT
12130590,6,T
12130591,6,T
12130592,12,CT
12130593,5,T
12130594,1,T
12130595,7,T
12130596,9,CT
12130597,10,CT
12130598,3,T
12130599,0,Bonus
12130600,5,T
12130601,11,CT
12130602,3,T
12130603,8,CT
12130604,7,T
12130605,13,CT
12130606,14,CT
12130607,12,CT
12130608,0,Bonus
12130609,4,T
12130610,3,T
12130611,12,CT
12130612,7,T
12130613,1,T
12130614,14,CT
12130615,0,Bonus
12130616,9,CT
12130617,1,T
12130618,6,T
12130619,1,T
12130620,4,T
12130621,13,CT
12130622,13,CT
12130623,8,CT
12130624,11,CT
12130625,13,CT
12130626,7,T
12130627,2,T
12130628,8,CT
12130629,3,T
12130630,0,Bonus
12130631,6,T
12130632,9,CT
12130633,8,CT
12130634,12,CT
12130635,12,CT
12130636,12,CT
12130637,7,T
12130638,1,T
12130639,2,T
12130640,6,T
12130641,9,CT
12130642,2,T
12130643,2,T
12130644,12,CT
12130645,4,T
12130646,1,T
12130647,4,T
12130648,13,CT
12130649,9,CT
12130650,12,CT
12130651,14,CT
12130652,8,CT
12130653,8,CT
12130654,0,Bonus
12130655,10,CT
12130656,11,CT
12130657,2,T
12130658,13,CT
12130659,0,Bonus
12130660,10,CT
12130661,3,T
12130662,7,T
12130663,2,T
12130664,12,CT
12130665,5,T
12130666,2,T
12130667,4,T
12130668,10,CT
12130669,1,T
12130670,3,T
12130671,2,T
12130672,8,CT
12130673,1,T
12130674,10,CT
12130675,7,T
12130676,7,T
12130677,9,CT
12130678,5,T
12130679,8,CT
12130680,8,CT
12130681,9,CT
12130682,13,CT
12130683,1,T
12130684,13,CT
12130685,4,T
12130686,0,Bonus
12130687,4,T
12130688,7,T
12130689,14,CT
12130690,14,CT
12130691,4,T
12130692,6,T
12130693,11,CT
12130694,0,Bonus
12130695,6,T
12130696,8,CT
12130697,7,T
12130698,9,CT
12130699,6,T
12130700,11,CT
12130701,4,T
12130702,9,CT
12130703,2,T
12130704,1,T
12130705,9,CT
12130706,12,CT
12130707,9,CT
12130708,12,CT
12130709,5,T
12130710,9,CT
12130711,6,T
12130712,0,Bonus
12130713,12,CT
12130714,10,CT
12130715,11,CT
12130716,3,T
12130717,7,T
12130718,13,CT
12130719,13,CT
12130720,5,T
12130721,4,T
12130722,7,T
12130723,14,CT
12130724,14,CT
12130725,1,T
12130726,9,CT
12130727,12,CT
12130728,11,CT
12130729,12,CT
12130730,6,T
12130731,3,T
12130732,3,T
12130733,8,CT
12130734,0,Bonus
12130735,14,CT
12130736,13,CT
12130737,0,Bonus
12130738,13,CT
12130739,1,T
12130740,11,CT
12130741,9,CT
12130742,4,T
12130743,13,CT
12130744,2,T
12130745,7,T
12130746,9,CT
12130747,13,CT
12130748,11,CT
12130749,14,CT
12130750,2,T
12130751,5,T
12130752,3,T
12130753,3,T
12130754,12,CT
12130755,13,CT
12130756,4,T
12130757,9,CT
12130758,5,T
12130759,3,T
12130760,7,T
12130761,3,T
12130762,9,CT
12130763,7,T
12130764,2,T
12130765,5,T
12130766,12,CT
12130767,7,T
12130768,10,CT
12130769,2,T
12130770,5,T
12130771,9,CT
12130772,4,T
12130773,1,T
12130774,0,Bonus
12130775,12,CT
12130776,10,CT
12130777,5,T
12130778,11,CT
12130779,10,CT
12130780,4,T
12130781,12,CT
12130782,10,CT
12130783,0,Bonus
12130784,6,T
12130785,8,CT
12130786,10,CT
12130787,5,T
12130788,13,CT
12130789,13,CT
12130790,9,CT
12130791,9,CT
12130792,14,CT
12130793,1,T
12130794,8,CT
12130795,9,CT
12130796,12,CT
12130797,2,T
12130798,3,T
12130799,13,CT
12130800,4,T
12130801,13,CT
12130802,14,CT
12130803,8,CT
12130804,12,CT
12130805,2,T
12130806,11,CT
12130807,0,Bonus
12130808,9,CT
12130809,12,CT
12130810,9,CT
12130811,7,T
12130812,3,T
12130813,9,CT
12130814,4,T
12130815,12,CT
12130816,0,Bonus
12130817,6,T
12130818,5,T
12130819,10,CT
12130820,2,T
12130821,0,Bonus
12130822,9,CT
12130823,12,CT
12130824,13,CT
12130825,13,CT
12130826,10,CT
12130827,3,T
12130828,5,T
12130829,2,T
12130830,1,T
12130831,10,CT
12130832,1,T
12130833,2,T
12130834,2,T
12130835,3,T
12130836,4,T
12130837,3,T
12130838,1,T
12130839,9,CT
12130840,3,T
12130841,2,T
12130842,4,T
12130843,8,CT
12130844,10,CT
12130845,1,T
12130846,0,Bonus
12130847,12,CT
12130848,14,CT
12130849,3,T
12130850,12,CT
12130851,7,T
12130852,9,CT
12130853,9,CT
12130854,10,CT
12130855,13,CT
12130856,6,T
12130857,10,CT
12130858,11,CT
12130859,13,CT
12130860,6,T
12130861,1,T
12130862,3,T
12130863,10,CT
12130864,9,CT
12130865,2,T
12130866,10,CT
12130867,9,CT
12130868,3,T
12130869,2,T
12130870,6,T
12130871,5,T
12130872,3,T
12130873,4,T
12130874,14,CT
12130875,0,Bonus
12130876,5,T
12130877,13,CT
12130878,13,CT
12130879,0,Bonus
12130880,0,Bonus
12130881,1,T
12130882,6,T
12130883,10,CT
12130884,3,T
12130885,13,CT
12130886,1,T
12130887,13,CT
12130888,14,CT
12130889,6,T
12130890,4,T
12130891,2,T
12130892,7,T
12130893,5,T
12130894,0,Bonus
12130895,12,CT
12130896,2,T
12130897,0,Bonus
12130898,4,T
12130899,1,T
12130900,7,T
12130901,5,T
12130902,4,T
12130903,11,CT
12130904,9,CT
12130905,5,T
12130906,11,CT
12130907,4,T
12130908,6,T
12130909,4,T
12130910,7,T
12130911,7,T
12130912,5,T
12130913,2,T
12130914,12,CT
12130915,2,T
12130916,0,Bonus
12130917,0,Bonus
12130918,9,CT
12130919,1,T
12130920,4,T
12130921,4,T
12130922,4,T
12130923,7,T
12130924,6,T
12130925,9,CT
12130926,5,T
12130927,9,CT
12130928,1,T
12130929,0,Bonus
12130930,11,CT
12130931,13,CT
12130932,10,CT
12130933,10,CT
12130934,13,CT
12130935,13,CT
12130936,4,T
12130937,10,CT
12130938,8,CT
12130939,9,CT
12130940,5,T
12130941,14,CT
12130942,13,CT
12130943,6,T
12130944,8,CT
12130945,1,T
12130946,5,T
12130947,2,T
12130948,7,T
12130949,8,CT
12130950,7,T
12130951,0,Bonus
12130952,12,CT
12130953,2,T
12130954,5,T
12130955,4,T
12130956,6,T
12130957,1,T
12130958,6,T
12130959,7,T
12130960,14,CT
12130961,13,CT
12130962,9,CT
12130963,14,CT
12130964,4,T
12130965,2,T
12130966,14,CT
12130967,11,CT
12130968,4,T
12130969,9,CT
12130970,3,T
12130971,4,T
12130972,10,CT
12130973,9,CT
12130974,3,T
12130975,12,CT
12130976,4,T
12130977,6,T
12130978,2,T
12130979,5,T
12130980,14,CT
12130981,11,CT
12130982,3,T
12130983,5,T
12130984,11,CT
12130985,4,T
12130986,0,Bonus
12130987,2,T
12130988,0,Bonus
12130989,13,CT
12130990,5,T
12130991,9,CT
12130992,10,CT
12130993,3,T
12130994,13,CT
12130995,7,T
12130996,12,CT
12130997,3,T
12130998,4,T
12130999,13,CT
12131000,5,T
12131001,12,CT
12131002,8,CT
12131003,8,CT
12131004,4,T
12131005,6,T
12131006,8,CT
12131007,13,CT
12131008,0,Bonus
12131009,7,T
12131010,2,T
12131011,12,CT
12131012,6,T
12131013,1,T
12131014,7,T
12131015,3,T
12131016,11,CT
12131017,5,T
12131018,10,CT
12131019,9,CT
12131020,14,CT
12131021,10,CT
12131022,2,T
12131023,13,CT
12131024,6,T
12131025,14,CT
12131026,1,T
12131027,11,CT
12131028,12,CT
12131029,12,CT
12131030,10,CT
12131031,11,CT
12131032,1,T
12131033,1,T
12131034,9,CT
12131035,5,T
12131036,14,CT
12131037,9,CT
12131038,9,CT
12131039,3,T
12131040,0,Bonus
12131041,12,CT
12131042,11,CT
12131043,10,CT
12131044,0,Bonus
12131045,5,T
12131046,14,CT
12131047,11,CT
12131048,8,CT
12131049,11,CT
12131050,13,CT
12131051,6,T
12131052,5,T
12131053,7,T
12131054,3,T
12131055,5,T
12131056,7,T
12131057,11,CT
12131058,5,T
12131059,2,T
12131060,7,T
12131061,1,T
12131062,10,CT
12131063,2,T
12131064,12,CT
12131065,14,CT
12131066,2,T
12131067,11,CT
12131068,14,CT
12131069,7,T
12131070,11,CT
12131071,5,T
12131072,3,T
12131073,8,CT
12131074,10,CT
12131075,1,T
12131076,13,CT
12131077,5,T
12131078,5,T
12131079,12,CT
12131080,2,T
12131081,10,CT
12131082,3,T
12131083,2,T
12131084,2,T
12131085,1,T
12131086,0,Bonus
12131087,8,CT
12131088,10,CT
12131089,13,CT
12131090,1,T
12131091,12,CT
12131092,8,CT
12131093,7,T
12131094,7,T
12131095,7,T
12131096,0,Bonus
12131097,9,CT
12131098,2,T
12131099,7,T
12131100,7,T
12131101,14,CT
12131102,13,CT
12131103,2,T
12131104,2,T
12131105,8,CT
12131106,11,CT
12131107,12,CT
12131108,5,T
12131109,8,CT
12131110,3,T
12131111,9,CT
12131112,9,CT
12131113,5,T
12131114,5,T
12131115,4,T
12131116,7,T
12131117,7,T
12131118,12,CT
12131119,6,T
12131120,8,CT
12131121,11,CT
12131122,10,CT
12131123,3,T
12131124,14,CT
12131125,1,T
12131126,8,CT
12131127,1,T
12131128,0,Bonus
12131129,12,CT
12131130,10,CT
12131131,10,CT
12131132,10,CT
12131133,10,CT
12131134,13,CT
12131135,0,Bonus
12131136,7,T
12131137,2,T
12131138,8,CT
12131139,0,Bonus
12131140,1,T
12131141,1,T
12131142,7,T
12131143,10,CT
12131144,11,CT
12131145,1,T
12131146,6,T
12131147,2,T
12131148,12,CT
12131149,11,CT
12131150,11,CT
12131151,0,Bonus
12131152,14,CT
12131153,7,T
12131154,4,T
12131155,11,CT
12131156,3,T
12131157,9,CT
12131158,6,T
12131159,0,Bonus
12131160,8,CT
12131161,2,T
12131162,1,T
12131163,5,T
12131164,2,T
12131165,13,CT
12131166,0,Bonus
12131167,8,CT
12131168,9,CT
12131169,7,T
12131170,13,CT
12131171,3,T
12131172,4,T
12131173,14,CT
12131174,10,CT
12131175,2,T
12131176,3,T
12131177,1,T
12131178,6,T
12131179,4,T
12131180,12,CT
12131181,10,CT
12131182,5,T
12131183,10,CT
12131184,3,T
12131185,11,CT
12131186,8,CT
12131187,1,T
12131188,14,CT
12131189,2,T
12131190,5,T
12131191,2,T
12131192,0,Bonus
12131193,10,CT
12131194,8,CT
12131195,11,CT
12131196,0,Bonus
12131197,11,CT
12131198,3,T
12131199,6,T
12131200,6,T
12131201,10,CT
12131202,13,CT
12131203,11,CT
12131204,13,CT
12131205,12,CT
12131206,5,T
12131207,2,T
12131208,1,T
12131209,9,CT
12131210,11,CT
12131211,14,CT
12131212,2,T
12131213,0,Bonus
12131214,6,T
12131215,14,CT
12131216,2,T
12131217,2,T
12131218,7,T
12131219,1,T
12131220,4,T
12131221,13,CT
12131222,4,T
12131223,3,T
12131224,5,T
12131225,6,T
12131226,12,CT
12131227,14,CT
12131228,9,CT
12131229,12,CT
12131230,8,CT
12131231,12,CT
12131232,1,T
12131233,10,CT
12131234,4,T
12131235,0,Bonus
12131236,1,T
12131237,1,T
12131238,12,CT
12131239,8,CT
12131240,3,T
12131241,1,T
12131242,12,CT
12131243,4,T
12131244,8,CT
12131245,7,T
12131246,0,Bonus
12131247,2,T
12131248,13,CT
12131249,5,T
12131250,9,CT
12131251,12,CT
12131252,10,CT
12131253,12,CT
12131254,14,CT
12131255,0,Bonus
12131256,2,T
12131257,8,CT
12131258,10,CT
12131259,12,CT
12131260,11,CT
12131261,1,T
12131262,6,T
12131263,10,CT
12131264,7,T
12131265,7,T
12131266,1,T
12131267,4,T
12131268,4,T
12131269,1,T
12131270,13,CT
12131271,4,T
12131272,3,T
12131273,14,CT
12131274,7,T
12131275,5,T
12131276,6,T
12131277,0,Bonus
12131278,14,CT
12131279,6,T
12131280,4,T
12131281,9,CT
12131282,13,CT
12131283,1,T
12131284,8,CT
12131285,13,CT
12131286,1,T
12131287,13,CT
12131288,4,T
12131289,8,CT
12131290,14,CT
12131291,4,T
12131292,1,T
12131293,6,T
12131294,11,CT
12131295,6,T
12131296,8,CT
12131297,3,T
12131298,1,T
12131299,3,T
12131300,10,CT
12131301,11,CT
12131302,8,CT
12131303,4,T
12131304,11,CT
12131305,10,CT
12131306,4,T
12131307,2,T
12131308,13,CT
12131309,8,CT
12131310,14,CT
12131311,8,CT
12131312,5,T
12131313,8,CT
12131314,2,T
12131315,13,CT
12131316,10,CT
12131317,2,T
12131318,4,T
12131319,2,T
12131320,1,T
12131321,3,T
12131322,14,CT
12131323,4,T
12131324,14,CT
12131325,4,T
12131326,7,T
12131327,0,Bonus
12131328,6,T
12131329,5,T
12131330,11,CT
12131331,6,T
12131332,8,CT
12131333,9,CT
12131334,0,Bonus
12131335,9,CT
12131336,14,CT
12131337,9,CT
12131338,2,T
12131339,1,T
12131340,1,T
12131341,0,Bonus
12131342,4,T
12131343,12,CT
12131344,4,T
12131345,4,T
12131346,2,T
12131347,6,T
12131348,12,CT
12131349,0,Bonus
12131350,11,CT
12131351,14,CT
12131352,0,Bonus
12131353,9,CT
12131354,2,T
12131355,10,CT
12131356,5,T
12131357,5,T
12131358,11,CT
12131359,6,T
12131360,4,T
12131361,10,CT
12131362,12,CT
12131363,9,CT
12131364,7,T
12131365,8,CT
12131366,9,CT
12131367,7,T
12131368,5,T
12131369,11,CT
12131370,10,CT
12131371,10,CT
12131372,13,CT
12131373,13,CT
12131374,7,T
12131375,2,T
12131376,2,T
12131377,0,Bonus
12131378,3,T
12131379,9,CT
12131380,6,T
12131381,13,CT
12131382,11,CT
12131383,13,CT
12131384,4,T
12131385,5,T
12131386,5,T
12131387,3,T
12131388,1,T
12131389,3,T
12131390,10,CT
12131391,6,T
12131392,6,T
12131393,0,Bonus
12131394,3,T
12131395,5,T
12131396,6,T
12131397,14,CT
12131398,6,T
12131399,3,T
12131400,11,CT
12131401,6,T
12131402,14,CT
12131403,14,CT
12131404,6,T
12131405,14,CT
12131406,7,T
12131407,5,T
12131408,0,Bonus
12131409,13,CT
12131410,6,T
12131411,2,T
12131412,3,T
12131413,5,T
12131414,9,CT
12131415,8,CT
12131416,11,CT
12131417,10,CT
12131418,0,Bonus
12131419,11,CT
12131420,7,T
12131421,7,T
12131422,0,Bonus
12131423,2,T
12131424,12,CT
12131425,2,T
12131426,13,CT
12131427,3,T
12131428,8,CT
12131429,12,CT
12131430,3,T
12131431,2,T
12131432,7,T
12131433,14,CT
12131434,13,CT
12131435,6,T
12131436,2,T
12131437,6,T
12131438,11,CT
12131439,13,CT
12131440,9,CT
12131441,4,T
12131442,7,T
12131443,0,Bonus
12131444,3,T
12131445,13,CT
12131446,5,T
12131447,0,Bonus
12131448,7,T
12131449,8,CT
12131450,12,CT
12131451,5,T
12131452,13,CT
12131453,1,T
12131454,5,T
12131455,12,CT
12131456,1,T
12131457,7,T
12131458,7,T
12131459,6,T
12131460,1,T
12131461,11,CT
12131462,3,T
12131463,0,Bonus
12131464,7,T
12131465,5,T
12131466,3,T
12131467,8,CT
12131468,13,CT
12131469,6,T
12131470,6,T
12131471,13,CT
12131472,9,CT
12131473,5,T
12131474,2,T
12131475,6,T
12131476,5,T
12131477,4,T
12131478,2,T
12131479,5,T
12131480,14,CT
12131481,13,CT
12131482,13,CT
12131483,9,CT
12131484,13,CT
12131485,4,T
12131486,6,T
12131487,12,CT
12131488,0,Bonus
12131489,9,CT
12131490,9,CT
12131491,7,T
12131492,13,CT
12131493,10,CT
12131494,14,CT
12131495,12,CT
12131496,3,T
12131497,13,CT
12131498,5,T
12131499,6,T
12131500,1,T
12131501,13,CT
12131502,13,CT
12131503,12,CT
12131504,10,CT
12131505,12,CT
12131506,9,CT
12131507,0,Bonus
12131508,8,CT
12131509,9,CT
12131510,4,T
12131511,2,T
12131512,4,T
12131513,9,CT
12131514,9,CT
12131515,13,CT
12131516,2,T
12131517,6,T
12131518,6,T
12131519,13,CT
12131520,13,CT
12131521,11,CT
12131522,12,CT
12131523,12,CT
12131524,9,CT
12131525,3,T
12131526,11,CT
12131527,7,T
12131528,0,Bonus
12131529,14,CT
12131530,11,CT
12131531,3,T
12131532,14,CT
12131533,14,CT
12131534,12,CT
12131535,7,T
12131536,2,T
12131537,3,T
12131538,14,CT
12131539,1,T
12131540,1,T
12131541,1,T
12131542,13,CT
12131543,6,T
12131544,10,CT
12131545,6,T
12131546,0,Bonus
12131547,14,CT
12131548,4,T
12131549,2,T
12131550,3,T
12131551,8,CT
12131552,11,CT
12131553,14,CT
12131554,0,Bonus
12131555,1,T
12131556,6,T
12131557,9,CT
12131558,5,T
12131559,2,T
12131560,9,CT
12131561,1,T
12131562,3,T
12131563,11,CT
12131564,12,CT
12131565,0,Bonus
12131566,13,CT
12131567,4,T
12131568,3,T
12131569,14,CT
12131570,14,CT
12131571,8,CT
12131572,11,CT
12131573,13,CT
12131574,13,CT
12131575,13,CT
12131576,7,T
12131577,8,CT
12131578,13,CT
12131579,14,CT
12131580,14,CT
12131581,1,T
12131582,13,CT
12131583,14,CT
12131584,11,CT
12131585,9,CT
12131586,7,T
12131587,3,T
12131588,4,T
12131589,13,CT
12131590,0,Bonus
12131591,0,Bonus
12131592,8,CT
12131593,4,T
12131594,1,T
12131595,3,T
12131596,13,CT
12131597,3,T
12131598,11,CT
12131599,10,CT
12131600,6,T
12131601,13,CT
12131602,7,T
12131603,4,T
12131604,6,T
12131605,11,CT
12131606,1,T
12131607,13,CT
12131608,5,T
12131609,11,CT
12131610,0,Bonus
12131611,1,T
12131612,8,CT
12131613,7,T
12131614,12,CT
12131615,2,T
12131616,9,CT
12131617,3,T
12131618,4,T
12131619,4,T
12131620,3,T
12131621,2,T
12131622,8,CT
12131623,12,CT
12131624,0,Bonus
12131625,7,T
12131626,2,T
12131627,0,Bonus
12131628,0,Bonus
12131629,3,T
12131630,8,CT
12131631,9,CT
12131632,3,T
12131633,12,CT
12131634,11,CT
12131635,7,T
12131636,13,CT
12131637,0,Bonus
12131638,3,T
12131639,4,T
12131640,0,Bonus
12131641,5,T
12131642,6,T
12131643,8,CT
12131644,8,CT
12131645,14,CT
12131646,13,CT
12131647,4,T
12131648,14,CT
12131649,14,CT
12131650,6,T
12131651,6,T
12131652,14,CT
12131653,8,CT
12131654,5,T
12131655,9,CT
12131656,3,T
12131657,9,CT
12131658,1,T
12131659,4,T
12131660,14,CT
12131661,5,T
12131662,4,T
12131663,11,CT
12131664,0,Bonus
12131665,11,CT
12131666,1,T
12131667,0,Bonus
12131668,0,Bonus
12131669,10,CT
12131670,4,T
12131671,9,CT
12131672,9,CT
12131673,8,CT
12131674,1,T
12131675,10,CT
12131676,7,T
12131677,11,CT
12131678,9,CT
12131679,0,Bonus
12131680,6,T
12131681,1,T
12131682,4,T
12131683,4,T
12131684,7,T
12131685,14,CT
12131686,0,Bonus
12131687,5,T
12131688,0,Bonus
12131689,6,T
12131690,12,CT
12131691,9,CT
12131692,0,Bonus
12131693,8,CT
12131694,5,T
12131695,10,CT
12131696,6,T
12131697,2,T
12131698,6,T
12131699,8,CT
12131700,11,CT
12131701,10,CT
12131702,7,T
12131703,11,CT
12131704,0,Bonus
12131705,0,Bonus
12131706,12,CT
12131707,2,T
12131708,8,CT
12131709,12,CT
12131710,6,T
12131711,0,Bonus
12131712,11,CT
12131713,11,CT
12131714,13,CT
12131715,11,CT
12131716,4,T
12131717,13,CT
12131718,8,CT
12131719,8,CT
12131720,6,T
12131721,7,T
12131722,14,CT
12131723,2,T
12131724,9,CT
12131725,7,T
12131726,8,CT
12131727,5,T
12131728,3,T
12131729,3,T
12131730,8,CT
12131731,7,T
12131732,7,T
12131733,0,Bonus
12131734,12,CT
12131735,1,T
12131736,8,CT
12131737,8,CT
12131738,14,CT
12131739,7,T
12131740,11,CT
12131741,14,CT
12131742,13,CT
12131743,3,T
12131744,13,CT
12131745,3,T
12131746,9,CT
12131747,14,CT
12131748,10,CT
12131749,3,T
12131750,10,CT
12131751,12,CT
12131752,8,CT
12131753,5,T
12131754,12,CT
12131755,10,CT
12131756,13,CT
12131757,4,T
12131758,12,CT
12131759,2,T
12131760,1,T
12131761,1,T
12131762,6,T
12131763,0,Bonus
12131764,12,CT
12131765,6,T
12131766,3,T
12131767,5,T
12131768,6,T
12131769,4,T
12131770,9,CT
12131771,11,CT
12131772,14,CT
12131773,5,T
12131774,14,CT
12131775,10,CT
12131776,1,T
12131777,14,CT
12131778,5,T
12131779,8,CT
12131780,4,T
12131781,2,T
12131782,2,T
12131783,1,T
12131784,3,T
12131785,7,T
12131786,4,T
12131787,12,CT
12131788,14,CT
12131789,0,Bonus
12131790,2,T
12131791,9,CT
12131792,12,CT
12131793,2,T
12131794,11,CT
12131795,1,T
12131796,6,T
12131797,11,CT
12131798,14,CT
12131799,9,CT
12131800,2,T
12131801,11,CT
12131802,9,CT
12131803,14,CT
12131804,5,T
12131805,2,T
12131806,8,CT
12131807,8,CT
12131808,8,CT
12131809,5,T
12131810,6,T
12131811,3,T
12131812,13,CT
12131813,4,T
12131814,10,CT
12131815,6,T
12131816,6,T
12131817,3,T
12131818,11,CT
12131819,12,CT
12131820,7,T
12131821,6,T
12131822,2,T
12131823,10,CT
12131824,10,CT
12131825,6,T
12131826,0,Bonus
12131827,12,CT
12131828,1,T
12131829,3,T
12131830,7,T
12131831,4,T
12131832,13,CT
12131833,11,CT
12131834,9,CT
12131835,10,CT
12131836,5,T
12131837,5,T
12131838,7,T
12131839,5,T
12131840,4,T
12131841,2,T
12131842,1,T
12131843,0,Bonus
12131844,8,CT
12131845,3,T
12131846,9,CT
12131847,6,T
12131848,5,T
12131849,0,Bonus
12131850,7,T
12131851,4,T
12131852,14,CT
12131853,2,T
12131854,5,T
12131855,1,T
12131856,9,CT
12131857,12,CT
12131858,7,T
12131859,9,CT
12131860,10,CT
12131861,8,CT
12131862,9,CT
12131863,7,T
12131864,1,T
12131865,13,CT
12131866,0,Bonus
12131867,4,T
12131868,13,CT
12131869,14,CT
12131870,8,CT
12131871,11,CT
12131872,2,T
12131873,11,CT
12131874,6,T
12131875,11,CT
12131876,14,CT
12131877,11,CT
12131878,9,CT
12131879,3,T
12131880,10,CT
12131881,2,T
12131882,10,CT
12131883,10,CT
12131884,5,T
12131885,4,T
12131886,3,T
12131887,7,T
12131888,0,Bonus
12131889,3,T
12131890,4,T
12131891,7,T
12131892,13,CT
12131893,14,CT
12131894,0,Bonus
12131895,7,T
12131896,12,CT
12131897,5,T
12131898,5,T
12131899,4,T
12131900,8,CT
12131901,10,CT
12131902,7,T
12131903,2,T
12131904,0,Bonus
12131905,3,T
12131906,13,CT
12131907,2,T
12131908,0,Bonus
12131909,14,CT
12131910,1,T
12131911,1,T
12131912,1,T
12131913,3,T
12131914,7,T
12131915,8,CT
12131916,12,CT
12131917,0,Bonus
12131918,11,CT
12131919,6,T
12131920,1,T
12131921,2,T
12131922,5,T
12131923,2,T
12131924,14,CT
12131925,8,CT
12131926,0,Bonus
12131927,12,CT
12131928,2,T
12131929,12,CT
12131930,7,T
12131931,14,CT
12131932,4,T
12131933,11,CT
12131934,13,CT
12131935,14,CT
12131936,5,T
12131937,0,Bonus
12131938,7,T
12131939,4,T
12131940,5,T
12131941,11,CT
12131942,11,CT
12131943,0,Bonus
12131944,11,CT
12131945,13,CT
12131946,9,CT
12131947,5,T
12131948,9,CT
12131949,11,CT
12131950,8,CT
12131951,0,Bonus
12131952,10,CT
12131953,10,CT
12131954,8,CT
12131955,14,CT
12131956,0,Bonus
12131957,0,Bonus
12131958,3,T
12131959,12,CT
12131960,7,T
12131961,9,CT
12131962,1,T
12131963,5,T
12131964,0,Bonus
12131965,2,T
12131966,8,CT
12131967,5,T
12131968,14,CT
12131969,12,CT
12131970,6,T
12131971,8,CT
12131972,3,T
12131973,7,T
12131974,3,T
12131975,2,T
12131976,3,T
12131977,3,T
12131978,10,CT
12131979,2,T
12131980,5,T
12131981,12,CT
12131982,11,CT
12131983,11,CT
12131984,1,T
12131985,4,T
12131986,9,CT
12131987,8,CT
12131988,7,T
12131989,0,Bonus
12131990,5,T
12131991,4,T
12131992,8,CT
12131993,6,T
12131994,4,T
12131995,2,T
12131996,5,T
12131997,8,CT
12131998,5,T
12131999,10,CT
12132000,11,CT
12132001,1,T
12132002,3,T
12132003,2,T
12132004,9,CT
12132005,13,CT
12132006,14,CT
12132007,1,T
12132008,6,T
12132009,6,T
12132010,0,Bonus
12132011,13,CT
12132012,5,T
12132013,5,T
12132014,5,T
12132015,7,T
12132016,0,Bonus
12132017,8,CT
12132018,9,CT
12132019,12,CT
12132020,9,CT
12132021,6,T
12132022,8,CT
12132023,5,T
12132024,5,T
12132025,4,T
12132026,12,CT
12132027,7,T
12132028,0,Bonus
12132029,2,T
12132030,7,T
12132031,3,T
12132032,10,CT
12132033,4,T
12132034,4,T
12132035,5,T
12132036,6,T
12132037,5,T
12132038,10,CT
12132039,8,CT
12132040,9,CT
12132041,0,Bonus
12132042,9,CT
12132043,6,T
12132044,6,T
12132045,14,CT
12132046,10,CT
12132047,0,Bonus
12132048,13,CT
12132049,3,T
12132050,3,T
12132051,3,T
12132052,9,CT
12132053,14,CT
12132054,2,T
12132055,9,CT
12132056,3,T
12132057,11,CT
12132058,6,T
12132059,7,T
12132060,14,CT
12132061,0,Bonus
12132062,11,CT
12132063,10,CT
12132064,14,CT
12132065,3,T
12132066,9,CT
12132067,13,CT
12132068,0,Bonus
12132069,3,T
12132070,14,CT
12132071,12,CT
12132072,1,T
12132073,2,T
12132074,6,T
12132075,10,CT
12132076,3,T
12132077,14,CT
12132078,7,T
12132079,0,Bonus
12132080,0,Bonus
12132081,5,T
12132082,8,CT
12132083,2,T
12132084,13,CT
12132085,13,CT
12132086,7,T
12132087,2,T
12132088,6,T
12132089,1,T
12132090,0,Bonus
12132091,7,T
12132092,6,T
12132093,5,T
12132094,6,T
12132095,10,CT
12132096,2,T
12132097,7,T
12132098,6,T
12132099,2,T
12132100,2,T
12132101,14,CT
12132102,3,T
12132103,3,T
12132104,5,T
12132105,4,T
12132106,4,T
12132107,8,CT
12132108,13,CT
12132109,3,T
12132110,5,T
12132111,3,T
12132112,14,CT
12132113,10,CT
12132114,14,CT
12132115,7,T
12132116,9,CT
12132117,12,CT
12132118,7,T
12132119,1,T
12132120,5,T
12132121,9,CT
12132122,11,CT
12132123,0,Bonus
12132124,8,CT
12132125,5,T
12132126,4,T
12132127,6,T
12132128,11,CT
12132129,4,T
12132130,12,CT
12132131,2,T
12132132,7,T
12132133,13,CT
12132134,5,T
12132135,10,CT
12132136,6,T
12132137,3,T
12132138,0,Bonus
12132139,10,CT
12132140,1,T
12132141,1,T
12132142,12,CT
12132143,3,T
12132144,6,T
12132145,2,T
12132146,4,T
12132147,9,CT
12132148,11,CT
12132149,10,CT
12132150,11,CT
12132151,4,T
12132152,11,CT
12132153,3,T
12132154,11,CT
12132155,5,T
12132156,6,T
12132157,8,CT
12132158,0,Bonus
12132159,9,CT
12132160,3,T
12132161,11,CT
12132162,4,T
12132163,3,T
12132164,11,CT
12132165,4,T
12132166,0,Bonus
12132167,12,CT
12132168,6,T
12132169,0,Bonus
12132170,2,T
12132171,14,CT
12132172,12,CT
12132173,14,CT
12132174,8,CT
12132175,4,T
12132176,2,T
12132177,4,T
12132178,13,CT
12132179,9,CT
12132180,3,T
12132181,11,CT
12132182,8,CT
12132183,3,T
12132184,0,Bonus
12132185,14,CT
12132186,14,CT
12132187,14,CT
12132188,9,CT
12132189,14,CT
12132190,12,CT
12132191,6,T
12132192,9,CT
12132193,4,T
12132194,5,T
12132195,2,T
12132196,12,CT
12132197,0,Bonus
12132198,11,CT
12132199,0,Bonus
12132200,2,T
12132201,12,CT
12132202,3,T
12132203,13,CT
12132204,4,T
12132205,3,T
12132206,9,CT
12132207,3,T
12132208,9,CT
12132209,7,T
12132210,12,CT
12132211,0,Bonus
12132212,13,CT
12132213,5,T
12132214,0,Bonus
12132215,6,T
12132216,10,CT
12132217,12,CT
12132218,9,CT
12132219,10,CT
12132220,3,T
12132221,1,T
12132222,2,T
12132223,13,CT
12132224,6,T
12132225,13,CT
12132226,2,T
12132227,3,T
12132228,12,CT
12132229,10,CT
12132230,1,T
12132231,1,T
12132232,9,CT
12132233,0,Bonus
12132234,7,T
12132235,10,CT
12132236,1,T
12132237,12,CT
12132238,11,CT
12132239,10,CT
12132240,5,T
12132241,9,CT
12132242,14,CT
12132243,11,CT
12132244,11,CT
12132245,1,T
12132246,7,T
12132247,6,T
12132248,4,T
12132249,13,CT
12132250,5,T
12132251,5,T
12132252,5,T
12132253,1,T
12132254,6,T
12132255,9,CT
12132256,0,Bonus
12132257,12,CT
12132258,6,T
12132259,1,T
12132260,2,T
12132261,6,T
12132262,2,T
12132263,5,T
12132264,12,CT
12132265,2,T
12132266,13,CT
12132267,8,CT
12132268,4,T
12132269,7,T
12132270,7,T
12132271,6,T
12132272,3,T
12132273,4,T
12132274,13,CT
12132275,2,T
12132276,7,T
12132277,5,T
12132278,6,T
12132279,0,Bonus
12132280,11,CT
12132281,14,CT
12132282,6,T
12132283,5,T
12132284,10,CT
12132285,9,CT
12132286,6,T
12132287,10,CT
12132288,1,T
12132289,8,CT
12132290,2,T
12132291,14,CT
12132292,13,CT
12132293,9,CT
12132294,4,T
12132295,14,CT
12132296,11,CT
12132297,6,T
12132298,2,T
12132299,13,CT
12132300,9,CT
12132301,14,CT
12132302,4,T
12132303,9,CT
12132304,6,T
12132305,8,CT
12132306,4,T
12132307,3,T
12132308,13,CT
12132309,9,CT
12132310,8,CT
12132311,5,T
12132312,3,T
12132313,10,CT
12132314,0,Bonus
12132315,8,CT
12132316,4,T
12132317,6,T
12132318,5,T
12132319,2,T
12132320,7,T
12132321,3,T
12132322,9,CT
12132323,1,T
12132324,9,CT
12132325,10,CT
12132326,11,CT
12132327,11,CT
12132328,9,CT
12132329,0,Bonus
12132330,6,T
12132331,12,CT
12132332,10,CT
12132333,6,T
12132334,6,T
12132335,13,CT
12132336,7,T
12132337,0,Bonus
12132338,3,T
12132339,11,CT
12132340,2,T
12132341,8,CT
12132342,11,CT
12132343,7,T
12132344,6,T
12132345,7,T
12132346,1,T
12132347,8,CT
12132348,0,Bonus
12132349,4,T
12132350,10,CT
12132351,2,T
12132352,13,CT
12132353,2,T
12132354,2,T
12132355,13,CT
12132356,1,T
12132357,9,CT
12132358,10,CT
12132359,5,T
12132360,10,CT
12132361,14,CT
12132362,5,T
12132363,11,CT
12132364,9,CT
12132365,4,T
12132366,9,CT
12132367,13,CT
12132368,13,CT
12132369,0,Bonus
12132370,2,T
12132371,4,T
12132372,3,T
12132373,2,T
12132374,14,CT
12132375,10,CT
12132376,3,T
12132377,2,T
12132378,7,T
12132379,1,T
12132380,9,CT
12132381,13,CT
12132382,3,T
12132383,5,T
12132384,1,T
12132385,6,T
12132386,7,T
12132387,0,Bonus
12132388,4,T
12132389,11,CT
12132390,2,T
12132391,9,CT
12132392,7,T
12132393,11,CT
12132394,1,T
12132395,13,CT
12132396,6,T
12132397,1,T
12132398,5,T
12132399,9,CT
12132400,2,T
12132401,0,Bonus
12132402,8,CT
12132403,10,CT
12132404,11,CT
12132405,5,T
12132406,0,Bonus
12132407,0,Bonus
12132408,6,T
12132409,14,CT
12132410,2,T
12132411,9,CT
12132412,14,CT
12132413,10,CT
12132414,14,CT
12132415,14,CT
12132416,12,CT
12132417,5,T
12132418,5,T
12132419,9,CT
12132420,6,T
12132421,5,T
12132422,6,T
12132423,4,T
12132424,11,CT
12132425,1,T
12132426,5,T
12132427,10,CT
12132428,11,CT
12132429,1,T
12132430,3,T
12132431,8,CT
12132432,8,CT
12132433,4,T
12132434,7,T
12132435,7,T
12132436,6,T
12132437,5,T
12132438,4,T
12132439,11,CT
12132440,9,CT
12132441,11,CT
12132442,14,CT
12132443,11,CT
12132444,0,Bonus
12132445,6,T
12132446,7,T
12132447,1,T
12132448,9,CT
12132449,3,T
12132450,3,T
12132451,11,CT
12132452,5,T
12132453,9,CT
12132454,5,T
12132455,13,CT
12132456,0,Bonus
12132457,14,CT
12132458,12,CT
12132459,1,T
12132460,9,CT
12132461,7,T
12132462,11,CT
12132463,13,CT
12132464,8,CT
12132465,2,T
12132466,0,Bonus
12132467,4,T
12132468,8,CT
12132469,0,Bonus
12132470,8,CT
12132471,9,CT
12132472,6,T
12132473,2,T
12132474,2,T
12132475,9,CT
12132476,12,CT
12132477,5,T
12132478,4,T
12132479,12,CT
12132480,2,T
12132481,9,CT
12132482,12,CT
12132483,3,T
12132484,4,T
12132485,9,CT
12132486,1,T
12132487,14,CT
12132488,12,CT
12132489,2,T
12132490,1,T
12132491,2,T
12132492,12,CT
12132493,10,CT
12132494,1,T
12132495,14,CT
12132496,10,CT
12132497,9,CT
12132498,13,CT
12132499,2,T
12132500,7,T
12132501,8,CT
12132502,6,T
12132503,7,T
12132504,3,T
12132505,5,T
12132506,9,CT
12132507,0,Bonus
12132508,6,T
12132509,0,Bonus
12132510,2,T
12132511,12,CT
12132512,13,CT
12132513,9,CT
12132514,5,T
12132515,11,CT
12132516,3,T
12132517,5,T
12132518,12,CT
12132519,4,T
12132520,0,Bonus
12132521,8,CT
12132522,2,T
12132523,12,CT
12132524,13,CT
12132525,2,T
12132526,9,CT
12132527,9,CT
12132528,14,CT
12132529,10,CT
12132530,14,CT
12132531,4,T
12132532,2,T
12132533,11,CT
12132534,6,T
12132535,0,Bonus
12132536,3,T
12132537,1,T
12132538,7,T
12132539,1,T
12132540,2,T
12132541,13,CT
12132542,14,CT
12132543,5,T
12132544,7,T
12132545,7,T
12132546,9,CT
12132547,9,CT
12132548,10,CT
12132549,12,CT
12132550,4,T
12132551,7,T
12132552,4,T
12132553,8,CT
12132554,1,T
12132555,10,CT
12132556,13,CT
12132557,10,CT
12132558,12,CT
12132559,9,CT
12132560,9,CT
12132561,2,T
12132562,9,CT
12132563,10,CT
12132564,9,CT
12132565,13,CT
12132566,7,T
12132567,9,CT
12132568,11,CT
12132569,4,T
12132570,12,CT
12132571,7,T
12132572,9,CT
12132573,1,T
12132574,9,CT
12132575,13,CT
12132576,1,T
12132577,4,T
12132578,7,T
12132579,4,T
12132580,6,T
12132581,12,CT
12132582,3,T
12132583,11,CT
12132584,7,T
12132585,13,CT
12132586,12,CT
12132587,10,CT
12132588,1,T
12132589,7,T
12132590,3,T
12132591,2,T
12132592,0,Bonus
12132593,9,CT
12132594,12,CT
12132595,2,T
12132596,6,T
12132597,9,CT
12132598,1,T
12132599,3,T
12132600,5,T
12132601,8,CT
12132602,0,Bonus
12132603,2,T
12132604,14,CT
12132605,7,T
12132606,11,CT
12132607,4,T
12132608,1,T
12132609,12,CT
12132610,14,CT
12132611,7,T
12132612,12,CT
12132613,11,CT
12132614,12,CT
12132615,14,CT
12132616,12,CT
12132617,6,T
12132618,11,CT
12132619,4,T
12132620,13,CT
12132621,14,CT
12132622,6,T
12132623,14,CT
12132624,12,CT
12132625,4,T
12132626,8,CT
12132627,9,CT
12132628,9,CT
12132629,3,T
12132630,8,CT
12132631,3,T
12132632,13,CT
12132633,6,T
12132634,8,CT
12132635,11,CT
12132636,0,Bonus
12132637,7,T
12132638,14,CT
12132639,3,T
12132640,1,T
12132641,11,CT
12132642,6,T
12132643,6,T
12132644,4,T
12132645,1,T
12132646,14,CT
12132647,13,CT
12132648,0,Bonus
12132649,0,Bonus
12132650,0,Bonus
12132651,11,CT
12132652,12,CT
12132653,9,CT
12132654,5,T
12132655,3,T
12132656,9,CT
12132657,5,T
12132658,10,CT
12132659,8,CT
12132660,0,Bonus
12132661,12,CT
12132662,6,T
12132663,6,T
12132664,1,T
12132665,9,CT
12132666,10,CT
12132667,10,CT
12132668,14,CT
12132669,0,Bonus
12132670,13,CT
12132671,1,T
12132672,14,CT
12132673,6,T
12132674,2,T
12132675,13,CT
12132676,14,CT
12132677,0,Bonus
12132678,8,CT
12132679,12,CT
12132680,12,CT
12132681,14,CT
12132682,5,T
12132683,13,CT
12132684,1,T
12132685,12,CT
12132686,14,CT
12132687,1,T
12132688,4,T
12132689,0,Bonus
12132690,5,T
12132691,1,T
12132692,10,CT
12132693,10,CT
12132694,10,CT
12132695,9,CT
12132696,10,CT
12132697,3,T
12132698,11,CT
12132699,4,T
12132700,13,CT
12132701,11,CT
12132702,14,CT
12132703,12,CT
12132704,13,CT
12132705,8,CT
12132706,10,CT
12132707,9,CT
12132708,5,T
12132709,13,CT
12132710,8,CT
12132711,11,CT
12132712,12,CT
12132713,10,CT
12132714,3,T
12132715,13,CT
12132716,3,T
12132717,5,T
12132718,13,CT
12132719,11,CT
12132720,2,T
12132721,1,T
12132722,12,CT
12132723,3,T
12132724,9,CT
12132725,6,T
12132726,4,T
12132727,6,T
12132728,0,Bonus
12132729,9,CT
12132730,14,CT
12132731,11,CT
12132732,11,CT
12132733,8,CT
12132734,4,T
12132735,8,CT
12132736,4,T
12132737,5,T
12132738,13,CT
12132739,4,T
12132740,3,T
12132741,9,CT
12132742,1,T
12132743,3,T
12132744,0,Bonus
12132745,1,T
12132746,7,T
12132747,5,T
12132748,11,CT
12132749,6,T
12132750,1,T
12132751,10,CT
12132752,1,T
12132753,9,CT
12132754,0,Bonus
12132755,13,CT
12132756,1,T
12132757,14,CT
12132758,8,CT
12132759,3,T
12132760,10,CT
12132761,3,T
12132762,2,T
12132763,7,T
12132764,8,CT
12132765,4,T
12132766,0,Bonus
12132767,8,CT
12132768,9,CT
12132769,4,T
12132770,14,CT
12132771,6,T
12132772,8,CT
12132773,9,CT
12132774,0,Bonus
12132775,9,CT
12132776,9,CT
12132777,12,CT
12132778,1,T
12132779,8,CT
12132780,14,CT
12132781,7,T
12132782,7,T
12132783,14,CT
12132784,10,CT
12132785,4,T
12132786,11,CT
12132787,13,CT
12132788,13,CT
12132789,10,CT
12132790,13,CT
12132791,8,CT
12132792,4,T
12132793,9,CT
12132794,10,CT
12132795,13,CT
12132796,1,T
12132797,13,CT
12132798,10,CT
12132799,0,Bonus
12132800,13,CT
12132801,7,T
12132802,3,T
12132803,13,CT
12132804,11,CT
12132805,1,T
12132806,9,CT
12132807,7,T
12132808,6,T
12132809,0,Bonus
12132810,4,T
12132811,8,CT
12132812,10,CT
12132813,7,T
12132814,10,CT
12132815,12,CT
12132816,12,CT
12132817,6,T
12132818,5,T
12132819,11,CT
12132820,3,T
12132821,0,Bonus
12132822,12,CT
12132823,11,CT
12132824,12,CT
12132825,5,T
12132826,3,T
12132827,8,CT
12132828,2,T
12132829,0,Bonus
12132830,10,CT
12132831,6,T
12132832,11,CT
12132833,11,CT
12132834,1,T
12132835,3,T
12132836,14,CT
12132837,11,CT
12132838,5,T
12132839,10,CT
12132840,13,CT
12132841,4,T
12132842,12,CT
12132843,0,Bonus
12132844,8,CT
12132845,10,CT
12132846,8,CT
12132847,6,T
12132848,4,T
12132849,8,CT
12132850,2,T
12132851,3,T
12132852,8,CT
12132853,6,T
12132854,5,T
12132855,11,CT
12132856,13,CT
12132857,11,CT
12132858,7,T
12132859,10,CT
12132860,4,T
12132861,8,CT
12132862,13,CT
12132863,13,CT
12132864,4,T
12132865,5,T
12132866,2,T
12132867,1,T
12132868,12,CT
12132869,6,T
12132870,8,CT
12132871,5,T
12132872,4,T
12132873,4,T
12132874,12,CT
12132875,6,T
12132876,2,T
12132877,12,CT
12132878,6,T
12132879,10,CT
12132880,10,CT
12132881,2,T
12132882,12,CT
12132883,7,T
12132884,2,T
12132885,6,T
12132886,5,T
12132887,7,T
12132888,10,CT
12132889,1,T
12132890,8,CT
12132891,14,CT
12132892,5,T
12132893,13,CT
12132894,0,Bonus
12132895,9,CT
12132896,9,CT
12132897,3,T
12132898,8,CT
12132899,5,T
12132900,10,CT
12132901,12,CT
12132902,14,CT
12132903,10,CT
12132904,12,CT
12132905,13,CT
12132906,7,T
12132907,6,T
12132908,13,CT
12132909,8,CT
12132910,11,CT
12132911,3,T
12132912,10,CT
12132913,1,T
12132914,8,CT
12132915,14,CT
12132916,0,Bonus
12132917,14,CT
12132918,9,CT
12132919,3,T
12132920,0,Bonus
12132921,1,T
12132922,2,T
12132923,14,CT
12132924,9,CT
12132925,0,Bonus
12132926,0,Bonus
12132927,8,CT
12132928,0,Bonus
12132929,4,T
12132930,4,T
12132931,2,T
12132932,1,T
12132933,11,CT
12132934,11,CT
12132935,8,CT
12132936,1,T
12132937,3,T
12132938,4,T
12132939,4,T
12132940,9,CT
12132941,5,T
12132942,7,T
12132943,12,CT
12132944,9,CT
12132945,1,T
12132946,9,CT
12132947,12,CT
12132948,5,T
12132949,0,Bonus
12132950,0,Bonus
12132951,7,T
12132952,2,T
12132953,9,CT
12132954,4,T
12132955,9,CT
12132956,0,Bonus
12132957,11,CT
12132958,8,CT
12132959,8,CT
12132960,8,CT
12132961,8,CT
12132962,13,CT
12132963,14,CT
12132964,3,T
12132965,7,T
12132966,9,CT
12132967,8,CT
12132968,11,CT
12132969,7,T
12132970,3,T
12132971,11,CT
12132972,5,T
12132973,4,T
12132974,6,T
12132975,12,CT
12132976,2,T
12132977,8,CT
12132978,12,CT
12132979,1,T
12132980,13,CT
12132981,8,CT
12132982,3,T
12132983,10,CT
12132984,4,T
12132985,10,CT
12132986,3,T
12132987,8,CT
12132988,10,CT
12132989,1,T
12132990,4,T
12132991,12,CT
12132992,11,CT
12132993,12,CT
12132994,2,T
12132995,13,CT
12132996,12,CT
12132997,8,CT
12132998,4,T
12132999,14,CT
12133000,11,CT
12133001,3,T
12133002,8,CT
12133003,10,CT
12133004,5,T
12133005,14,CT
12133006,6,T
12133007,13,CT
12133008,6,T
12133009,11,CT
12133010,2,T
12133011,7,T
12133012,8,CT
12133013,3,T
12133014,6,T
12133015,11,CT
12133016,7,T
12133017,10,CT
12133018,4,T
12133019,12,CT
12133020,3,T
12133021,11,CT
12133022,12,CT
12133023,1,T
12133024,14,CT
12133025,6,T
12133026,7,T
12133027,12,CT
12133028,4,T
12133029,2,T
12133030,11,CT
12133031,9,CT
12133032,11,CT
12133033,9,CT
12133034,8,CT
12133035,1,T
12133036,11,CT
12133037,7,T
12133038,0,Bonus
12133039,12,CT
12133040,3,T
12133041,5,T
12133042,7,T
12133043,9,CT
12133044,12,CT
12133045,11,CT
12133046,7,T
12133047,7,T
12133048,10,CT
12133049,6,T
12133050,14,CT
12133051,11,CT
12133052,8,CT
12133053,11,CT
12133054,8,CT
12133055,4,T
12133056,5,T
12133057,4,T
12133058,14,CT
12133059,3,T
12133060,14,CT
12133061,14,CT
12133062,6,T
12133063,1,T
12133064,2,T
12133065,10,CT
12133066,4,T
12133067,14,CT
12133068,13,CT
12133069,2,T
12133070,8,CT
12133071,9,CT
12133072,9,CT
12133073,10,CT
12133074,7,T
12133075,8,CT
12133076,9,CT
12133077,1,T
12133078,2,T
12133079,4,T
12133080,1,T
12133081,1,T
12133082,7,T
12133083,6,T
12133084,13,CT
12133085,12,CT
12133086,1,T
12133087,13,CT
12133088,3,T
12133089,3,T
12133090,13,CT
12133091,7,T
12133092,11,CT
12133093,13,CT
12133094,5,T
12133095,6,T
12133096,2,T
12133097,10,CT
12133098,3,T
12133099,1,T
12133100,8,CT
12133101,9,CT
12133102,2,T
12133103,1,T
12133104,5,T
12133105,3,T
12133106,11,CT
12133107,5,T
12133108,6,T
12133109,6,T
12133110,7,T
12133111,13,CT
12133112,9,CT
12133113,1,T
12133114,13,CT
12133115,3,T
12133116,2,T
12133117,8,CT
12133118,4,T
12133119,5,T
12133120,0,Bonus
12133121,7,T
12133122,4,T
12133123,10,CT
12133124,4,T
12133125,8,CT
12133126,10,CT
12133127,2,T
12133128,1,T
12133129,8,CT
12133130,9,CT
12133131,12,CT
12133132,9,CT
12133133,1,T
12133134,3,T
12133135,14,CT
12133136,9,CT
12133137,7,T
12133138,10,CT
12133139,11,CT
12133140,8,CT
12133141,5,T
12133142,12,CT
12133143,12,CT
12133144,0,Bonus
12133145,4,T
12133146,8,CT
12133147,0,Bonus
12133148,1,T
12133149,7,T
12133150,12,CT
12133151,3,T
12133152,4,T
12133153,3,T
12133154,8,CT
12133155,2,T
12133156,8,CT
12133157,4,T
12133158,0,Bonus
12133159,10,CT
12133160,0,Bonus
12133161,11,CT
12133162,9,CT
12133163,6,T
12133164,7,T
12133165,6,T
12133166,0,Bonus
12133167,11,CT
12133168,8,CT
12133169,11,CT
12133170,13,CT
12133171,9,CT
12133172,7,T
12133173,0,Bonus
12133174,13,CT
12133175,14,CT
12133176,8,CT
12133177,1,T
12133178,7,T
12133179,6,T
12133180,0,Bonus
12133181,3,T
12133182,2,T
12133183,13,CT
12133184,1,T
12133185,6,T
12133186,5,T
12133187,12,CT
12133188,5,T
12133189,14,CT
12133190,2,T
12133191,10,CT
12133192,8,CT
12133193,3,T
12133194,11,CT
12133195,10,CT
12133196,12,CT
12133197,2,T
12133198,7,T
12133199,9,CT
12133200,4,T
12133201,9,CT
12133202,8,CT
12133203,13,CT
12133204,11,CT
12133205,0,Bonus
12133206,9,CT
12133207,6,T
12133208,1,T
12133209,0,Bonus
12133210,6,T
12133211,14,CT
12133212,8,CT
12133213,1,T
12133214,10,CT
12133215,8,CT
12133216,11,CT
12133217,8,CT
12133218,8,CT
12133219,4,T
12133220,4,T
12133221,1,T
12133222,4,T
12133223,14,CT
12133224,4,T
12133225,3,T
12133226,5,T
12133227,12,CT
12133228,11,CT
12133229,13,CT
12133230,13,CT
12133231,13,CT
12133232,4,T
12133233,0,Bonus
12133234,7,T
12133235,14,CT
12133236,5,T
12133237,0,Bonus
12133238,0,Bonus
12133239,14,CT
12133240,4,T
12133241,0,Bonus
12133242,13,CT
12133243,5,T
12133244,12,CT
12133245,7,T
12133246,7,T
12133247,3,T
12133248,13,CT
12133249,8,CT
12133250,4,T
12133251,7,T
12133252,5,T
12133253,11,CT
12133254,14,CT
12133255,9,CT
